Name,Percentage,Score,Duration,column_5,result_link
Advanced Common Sense Practice 25Attempts allowed: 1,70%,14 / 20,00:40:04,Results,https://www.classmarker.com/test/results/?test_id=2403969
Advanced Common Sense Practice 26Attempts allowed: 1,84%,42 / 50,02:15:56,Results,https://www.classmarker.com/test/results/?test_id=2403966
Advanced Common Sense Practice 27Attempts allowed: 1,80.4%,41 / 51,03:56:06,Results,https://www.classmarker.com/test/results/?test_id=2402400
Advanced Common Sense Practice 32Attempts allowed: 1,78.6%,11 / 14,00:54:39,Results,https://www.classmarker.com/test/results/?test_id=2240101
Advanced Common Sense Practice 33Attempts allowed: 1,86.4%,19 / 22,00:32:48,Results,https://www.classmarker.com/test/results/?test_id=2240111
Advanced Common Sense Practice 36Attempts allowed: 1,62.5%,10 / 16,00:55:11,Results,https://www.classmarker.com/test/results/?test_id=2241716
Advanced Common Sense Practice 37Attempts allowed: 1,80%,16 / 20,01:10:05,Results,https://www.classmarker.com/test/results/?test_id=2241719
Advanced Common Sense Practice 38Attempts allowed: 1,81%,17 / 21,00:54:51,Results,https://www.classmarker.com/test/results/?test_id=2248431
Advanced Common Sense Practice 43Attempts allowed: 1,90.5%,19 / 21,01:05:35,Results,https://www.classmarker.com/test/results/?test_id=2248439
Bluebook Mini Verbal Test 1Attempts allowed: 1,100%,10 / 10,00:06:32,Results,https://www.classmarker.com/test/results/?test_id=2283675
Bluebook Mini Verbal Test 10Attempts allowed: 1,70%,7 / 10,00:09:10,Results,https://www.classmarker.com/test/results/?test_id=2284802
Bluebook Mini Verbal Test 11Attempts allowed: 1,40%,4 / 10,00:09:32,Results,https://www.classmarker.com/test/results/?test_id=2284806
Bluebook Mini Verbal Test 12Attempts allowed: 1,100%,10 / 10,00:08:10,Results,https://www.classmarker.com/test/results/?test_id=2284834
Bluebook Mini Verbal Test 13Attempts allowed: 1,100%,10 / 10,00:10:00,Results,https://www.classmarker.com/test/results/?test_id=2284841
Bluebook Mini Verbal Test 14Attempts allowed: 1,100%,10 / 10,00:09:55,Results,https://www.classmarker.com/test/results/?test_id=2284847
Bluebook Mini Verbal Test 15Attempts allowed: 1,90%,9 / 10,00:09:54,Results,https://www.classmarker.com/test/results/?test_id=2284855
Bluebook Mini Verbal Test 16Attempts allowed: 1,90%,9 / 10,00:09:05,Results,https://www.classmarker.com/test/results/?test_id=2284860
Bluebook Mini Verbal Test 17Attempts allowed: 1,60%,6 / 10,00:10:00,Results,https://www.classmarker.com/test/results/?test_id=2285094
Bluebook Mini Verbal Test 18Attempts allowed: 1,80%,8 / 10,00:10:00,Results,https://www.classmarker.com/test/results/?test_id=2285096
Bluebook Mini Verbal Test 19Attempts allowed: 1,90%,9 / 10,00:09:51,Results,https://www.classmarker.com/test/results/?test_id=2285098
Bluebook Mini Verbal Test 2Attempts allowed: 1,100%,10 / 10,00:10:00,Results,https://www.classmarker.com/test/results/?test_id=2283680
Bluebook Mini Verbal Test 20Attempts allowed: 1,100%,10 / 10,00:10:00,Results,https://www.classmarker.com/test/results/?test_id=2285103
Bluebook Mini Verbal Test 21Attempts allowed: 1,90%,9 / 10,00:10:00,Results,https://www.classmarker.com/test/results/?test_id=2285326
Bluebook Mini Verbal Test 22Attempts allowed: 1,90%,9 / 10,00:07:55,Results,https://www.classmarker.com/test/results/?test_id=2285330
Bluebook Mini Verbal Test 23Attempts allowed: 1,80%,8 / 10,00:10:00,Results,https://www.classmarker.com/test/results/?test_id=2285341
Bluebook Mini Verbal Test 24Attempts allowed: 1,70%,7 / 10,00:10:00,Results,https://www.classmarker.com/test/results/?test_id=2285358
Bluebook Mini Verbal Test 25Attempts allowed: 1,90%,9 / 10,00:10:00,Results,https://www.classmarker.com/test/results/?test_id=2285367
Bluebook Mini Verbal Test 26Attempts allowed: 1,80%,8 / 10,00:10:00,Results,https://www.classmarker.com/test/results/?test_id=2285406
Bluebook Mini Verbal Test 27Attempts allowed: 1,70%,7 / 10,00:09:57,Results,https://www.classmarker.com/test/results/?test_id=2285796
Bluebook Mini Verbal Test 28Attempts allowed: 1,100%,10 / 10,00:09:45,Results,https://www.classmarker.com/test/results/?test_id=2285859
Bluebook Mini Verbal Test 29Attempts allowed: 1,90%,9 / 10,00:10:00,Results,https://www.classmarker.com/test/results/?test_id=2285872
Bluebook Mini Verbal Test 3Attempts allowed: 1,100%,10 / 10,00:10:00,Results,https://www.classmarker.com/test/results/?test_id=2284502
Bluebook Mini Verbal Test 30Attempts allowed: 1,80%,8 / 10,00:10:00,Results,https://www.classmarker.com/test/results/?test_id=2285878
Bluebook Mini Verbal Test 31Attempts allowed: 1,90%,9 / 10,00:10:00,Results,https://www.classmarker.com/test/results/?test_id=2285904
Bluebook Mini Verbal Test 32Attempts allowed: 1,90%,9 / 10,00:08:56,Results,https://www.classmarker.com/test/results/?test_id=2285915
Bluebook Mini Verbal Test 33Attempts allowed: 1,100%,10 / 10,00:09:20,Results,https://www.classmarker.com/test/results/?test_id=2286240
Bluebook Mini Verbal Test 34Attempts allowed: 1,90%,9 / 10,00:10:00,Results,https://www.classmarker.com/test/results/?test_id=2286246
Bluebook Mini Verbal Test 35Attempts allowed: 1,80%,8 / 10,00:09:47,Results,https://www.classmarker.com/test/results/?test_id=2286684
Bluebook Mini Verbal Test 36Attempts allowed: 1,90%,9 / 10,00:10:00,Results,https://www.classmarker.com/test/results/?test_id=2286693
Bluebook Mini Verbal Test 37Attempts allowed: 1,80%,8 / 10,00:10:00,Results,https://www.classmarker.com/test/results/?test_id=2286697
Bluebook Mini Verbal Test 38Attempts allowed: 1,70%,7 / 10,00:10:00,Results,https://www.classmarker.com/test/results/?test_id=2286712
Bluebook Mini Verbal Test 39Attempts allowed: 1,80%,8 / 10,00:10:00,Results,https://www.classmarker.com/test/results/?test_id=2415581
Bluebook Mini Verbal Test 4Attempts allowed: 1,90%,9 / 10,00:08:50,Results,https://www.classmarker.com/test/results/?test_id=2284512
Bluebook Mini Verbal Test 40Attempts allowed: 1,100%,10 / 10,00:09:36,Results,https://www.classmarker.com/test/results/?test_id=2415582
Bluebook Mini Verbal Test 41Attempts allowed: 1,90%,9 / 10,00:08:35,Results,https://www.classmarker.com/test/results/?test_id=2415745
Bluebook Mini Verbal Test 42Attempts allowed: 1,100%,10 / 10,00:09:55,Results,https://www.classmarker.com/test/results/?test_id=2415750
Bluebook Mini Verbal Test 43Attempts allowed: 1,90%,9 / 10,00:08:46,Results,https://www.classmarker.com/test/results/?test_id=2415756
Bluebook Mini Verbal Test 44Attempts allowed: 1,70%,7 / 10,00:07:58,Results,https://www.classmarker.com/test/results/?test_id=2415758
Bluebook Mini Verbal Test 45Attempts allowed: 1,80%,8 / 10,00:08:43,Results,https://www.classmarker.com/test/results/?test_id=2415765
Bluebook Mini Verbal Test 46Attempts allowed: 1,90%,9 / 10,00:10:00,Results,https://www.classmarker.com/test/results/?test_id=2415767
Bluebook Mini Verbal Test 47Attempts allowed: 1,80%,8 / 10,00:07:33,Results,https://www.classmarker.com/test/results/?test_id=2415768
Bluebook Mini Verbal Test 48Attempts allowed: 1,90%,9 / 10,00:08:53,Results,https://www.classmarker.com/test/results/?test_id=2415769
Bluebook Mini Verbal Test 49Attempts allowed: 1,90%,9 / 10,00:10:00,Results,https://www.classmarker.com/test/results/?test_id=2415770
Bluebook Mini Verbal Test 5Attempts allowed: 1,90%,9 / 10,00:08:32,Results,https://www.classmarker.com/test/results/?test_id=2284514
Bluebook Mini Verbal Test 50Attempts allowed: 1,90%,9 / 10,00:10:00,Results,https://www.classmarker.com/test/results/?test_id=2415773
Bluebook Mini Verbal Test 51Attempts allowed: 1,100%,10 / 10,00:07:30,Results,https://www.classmarker.com/test/results/?test_id=2415775
Bluebook Mini Verbal Test 52Attempts allowed: 1,100%,10 / 10,00:08:22,Results,https://www.classmarker.com/test/results/?test_id=2415781
Bluebook Mini Verbal Test 58Attempts allowed: 1,90%,9 / 10,00:08:54,Results,https://www.classmarker.com/test/results/?test_id=2415972
Bluebook Mini Verbal Test 59Attempts allowed: 1,100%,10 / 10,00:08:14,Results,https://www.classmarker.com/test/results/?test_id=2415973
Bluebook Mini Verbal Test 6Attempts allowed: 1,90%,9 / 10,00:10:00,Results,https://www.classmarker.com/test/results/?test_id=2284533
Bluebook Mini Verbal Test 60Attempts allowed: 1,90%,9 / 10,00:09:47,Results,https://www.classmarker.com/test/results/?test_id=2500167
Bluebook Mini Verbal Test 63Attempts allowed: 1,100%,10 / 10,00:09:39,Results,https://www.classmarker.com/test/results/?test_id=2500396
Bluebook Mini Verbal Test 7Attempts allowed: 1,90%,9 / 10,00:09:59,Results,https://www.classmarker.com/test/results/?test_id=2284535
Bluebook Mini Verbal Test 70Attempts allowed: 1,70%,7 / 10,00:10:00,Results,https://www.classmarker.com/test/results/?test_id=2500537
Bluebook Mini Verbal Test 72Attempts allowed: 1,100%,10 / 10,00:09:34,Results,https://www.classmarker.com/test/results/?test_id=2500541
Bluebook Mini Verbal Test 73Attempts allowed: 1,90%,9 / 10,00:10:00,Results,https://www.classmarker.com/test/results/?test_id=2500542
Bluebook Mini Verbal Test 74Attempts allowed: 1,80%,8 / 10,00:09:45,Results,https://www.classmarker.com/test/results/?test_id=2500544
Bluebook Mini Verbal Test 8Attempts allowed: 1,80%,8 / 10,00:09:15,Results,https://www.classmarker.com/test/results/?test_id=2284550
Bluebook Mini Verbal Test 9Attempts allowed: 1,90%,9 / 10,00:09:26,Results,https://www.classmarker.com/test/results/?test_id=2284793
Bluebook Practice 10 Extra MathAttempts allowed: 1,100%,22 / 22,00:07:35,Results,https://www.classmarker.com/test/results/?test_id=2311952
Bluebook Practice 10 Extra VerbalAttempts allowed: 1,96.3%,26 / 27,00:17:53,Results,https://www.classmarker.com/test/results/?test_id=2311944
Bluebook Practice 6 Extra VerbalAttempts allowed: 1,100%,27 / 27,00:26:01,Results,https://www.classmarker.com/test/results/?test_id=2246961
Bluebook Practice 7 Extra VerbalAttempts allowed: 1,96.3%,26 / 27,00:20:37,Results,https://www.classmarker.com/test/results/?test_id=2310091
Bluebook Practice 8 Extra MathAttempts allowed: 1,100%,22 / 22,00:08:33,Results,https://www.classmarker.com/test/results/?test_id=2311191
Bluebook Practice 8 Extra VerbalAttempts allowed: 1,96.3%,26 / 27,00:14:48,Results,https://www.classmarker.com/test/results/?test_id=2311205
Bluebook PSAT 10 Practice 1 Extra MathAttempts allowed: 1,100%,22 / 22,00:08:29,Results,https://www.classmarker.com/test/results/?test_id=2245963
Bluebook PSAT 89 Practice 1 Extra MathAttempts allowed: 1,90.9%,20 / 22,00:10:00,Results,https://www.classmarker.com/test/results/?test_id=2244114
Bluebook PSAT 89 Practice 1 Extra VerbalAttempts allowed: 1,92.6%,25 / 27,00:31:13,Results,https://www.classmarker.com/test/results/?test_id=2244115
Bluebook PSAT 89 Practice 2 Extra MathAttempts allowed: 1,100%,22 / 22,00:09:16,Results,https://www.classmarker.com/test/results/?test_id=2244602
Bluebook PSAT 89 Practice 2 Extra VerbalAttempts allowed: 1,100%,27 / 27,00:21:27,Results,https://www.classmarker.com/test/results/?test_id=2244600
Digital SAT - Math Mock Test 1Attempts allowed: 1,100%,22 / 22,00:17:28,Results,https://www.classmarker.com/test/results/?test_id=2054394
Digital SAT - Math Mock Test 100Attempts allowed: 1,95.5%,21 / 22,00:17:49,Results,https://www.classmarker.com/test/results/?test_id=2118134
Digital SAT - Math Mock Test 104Attempts allowed: 1,100%,22 / 22,00:16:11,Results,https://www.classmarker.com/test/results/?test_id=2119060
Digital SAT - Math Mock Test 105Attempts allowed: 1,100%,22 / 22,00:10:42,Results,https://www.classmarker.com/test/results/?test_id=2120766
Digital SAT - Math Mock Test 109Attempts allowed: 1,90.9%,20 / 22,00:16:56,Results,https://www.classmarker.com/test/results/?test_id=2145725
Digital SAT - Math Mock Test 11Attempts allowed: 1,95.5%,21 / 22,00:15:26,Results,https://www.classmarker.com/test/results/?test_id=2055417
Digital SAT - Math Mock Test 114Attempts allowed: 1,95.5%,21 / 22,00:13:24,Results,https://www.classmarker.com/test/results/?test_id=2146525
Digital SAT - Math Mock Test 12Attempts allowed: 1,100%,22 / 22,00:18:31,Results,https://www.classmarker.com/test/results/?test_id=2055420
Digital SAT - Math Mock Test 129Attempts allowed: 1,95.5%,21 / 22,00:17:16,Results,https://www.classmarker.com/test/results/?test_id=2154845
Digital SAT - Math Mock Test 13Attempts allowed: 1,100%,22 / 22,00:13:23,Results,https://www.classmarker.com/test/results/?test_id=2055429
Digital SAT - Math Mock Test 15Attempts allowed: 1,90.9%,20 / 22,00:19:29,Results,https://www.classmarker.com/test/results/?test_id=2055447
Digital SAT - Math Mock Test 16Attempts allowed: 1,100%,22 / 22,00:12:41,Results,https://www.classmarker.com/test/results/?test_id=2055451
Digital SAT - Math Mock Test 19Attempts allowed: 1,95.5%,21 / 22,00:16:32,Results,https://www.classmarker.com/test/results/?test_id=2055873
Digital SAT - Math Mock Test 2Attempts allowed: 1,95.5%,21 / 22,00:12:50,Results,https://www.classmarker.com/test/results/?test_id=2054438
Digital SAT - Math Mock Test 23Attempts allowed: 1,100%,22 / 22,00:18:57,Results,https://www.classmarker.com/test/results/?test_id=2057239
Digital SAT - Math Mock Test 25Attempts allowed: 1,100%,22 / 22,00:17:18,Results,https://www.classmarker.com/test/results/?test_id=2057317
Digital SAT - Math Mock Test 27Attempts allowed: 1,95.5%,21 / 22,00:20:00,Results,https://www.classmarker.com/test/results/?test_id=2057796
Digital SAT - Math Mock Test 28Attempts allowed: 1,95.5%,21 / 22,00:15:09,Results,https://www.classmarker.com/test/results/?test_id=2057808
Digital SAT - Math Mock Test 36Attempts allowed: 1,90.9%,20 / 22,00:15:02,Results,https://www.classmarker.com/test/results/?test_id=2060837
Digital SAT - Math Mock Test 46Attempts allowed: 1,81.8%,18 / 22,00:20:00,Results,https://www.classmarker.com/test/results/?test_id=2075136
Digital SAT - Math Mock Test 51Attempts allowed: 1,86.4%,19 / 22,00:19:59,Results,https://www.classmarker.com/test/results/?test_id=2075585
Digital SAT - Math Mock Test 52Attempts allowed: 1,95.5%,21 / 22,00:16:45,Results,https://www.classmarker.com/test/results/?test_id=2075587
Digital SAT - Math Mock Test 55Attempts allowed: 1,100%,22 / 22,00:18:07,Results,https://www.classmarker.com/test/results/?test_id=2075743
Digital SAT - Math Mock Test 56Attempts allowed: 1,100%,22 / 22,00:16:13,Results,https://www.classmarker.com/test/results/?test_id=2075747
Digital SAT - Math Mock Test 57Attempts allowed: 1,95.5%,21 / 22,00:13:50,Results,https://www.classmarker.com/test/results/?test_id=2075805
Digital SAT - Math Mock Test 6Attempts allowed: 1,95.5%,21 / 22,00:19:00,Results,https://www.classmarker.com/test/results/?test_id=2054923
Digital SAT - Math Mock Test 7Attempts allowed: 1,100%,22 / 22,00:17:10,Results,https://www.classmarker.com/test/results/?test_id=2054929
Digital SAT - Math Mock Test 72Attempts allowed: 1,100%,22 / 22,00:16:56,Results,https://www.classmarker.com/test/results/?test_id=2102724
Digital SAT - Math Mock Test 73Attempts allowed: 1,100%,22 / 22,00:20:00,Results,https://www.classmarker.com/test/results/?test_id=2102733
Digital SAT - Math Mock Test 74Attempts allowed: 1,95.5%,21 / 22,00:14:22,Results,https://www.classmarker.com/test/results/?test_id=2102743
Digital SAT - Math Mock Test 75Attempts allowed: 1,100%,22 / 22,00:11:50,Results,https://www.classmarker.com/test/results/?test_id=2102925
Digital SAT - Math Mock Test 78Attempts allowed: 1,100%,22 / 22,00:11:46,Results,https://www.classmarker.com/test/results/?test_id=2103522
Digital SAT - Math Mock Test 79Attempts allowed: 1,90.9%,20 / 22,00:16:33,Results,https://www.classmarker.com/test/results/?test_id=2103560
Digital SAT - Math Mock Test 8Attempts allowed: 1,95.5%,21 / 22,00:18:49,Results,https://www.classmarker.com/test/results/?test_id=2054932
Digital SAT - Math Mock Test 80Attempts allowed: 1,95.5%,21 / 22,00:16:31,Results,https://www.classmarker.com/test/results/?test_id=2103821
Digital SAT - Math Mock Test 81Attempts allowed: 1,100%,22 / 22,00:16:16,Results,https://www.classmarker.com/test/results/?test_id=2103823
Digital SAT - Math Mock Test 83Attempts allowed: 1,90.9%,20 / 22,00:19:24,Results,https://www.classmarker.com/test/results/?test_id=2103830
Digital SAT - Math Mock Test 86Attempts allowed: 1,100%,22 / 22,00:16:40,Results,https://www.classmarker.com/test/results/?test_id=2103857
Digital SAT - Math Mock Test 88Attempts allowed: 1,100%,22 / 22,00:13:33,Results,https://www.classmarker.com/test/results/?test_id=2103917
Digital SAT - Math Mock Test 89Attempts allowed: 1,77.3%,17 / 22,00:14:10,Results,https://www.classmarker.com/test/results/?test_id=2103923
Digital SAT - Math Mock Test 9Attempts allowed: 1,100%,22 / 22,00:14:36,Results,https://www.classmarker.com/test/results/?test_id=2054959
Digital SAT - Math Mock Test 90Attempts allowed: 1,100%,22 / 22,00:14:06,Results,https://www.classmarker.com/test/results/?test_id=2110780
Digital SAT - Math Mock Test 94Attempts allowed: 1,100%,22 / 22,00:18:15,Results,https://www.classmarker.com/test/results/?test_id=2111211
Digital SAT - Math Supreme Test 02Attempts allowed: 1,90.9%,20 / 22,00:30:36,Results,https://www.classmarker.com/test/results/?test_id=2077013
Digital SAT - Math Supreme Test 11Attempts allowed: 1,81.8%,18 / 22,00:35:00,Results,https://www.classmarker.com/test/results/?test_id=2091765
Digital SAT - Math Supreme Test 15Attempts allowed: 1,90.9%,20 / 22,00:35:00,Results,https://www.classmarker.com/test/results/?test_id=2105480
Digital SAT - Math Supreme Test 19Attempts allowed: 1,81.8%,18 / 22,00:30:43,Results,https://www.classmarker.com/test/results/?test_id=2106807
Digital SAT - Math Supreme Test 22Attempts allowed: 1,95.5%,21 / 22,00:33:50,Results,https://www.classmarker.com/test/results/?test_id=2106810
Digital SAT - Math Supreme Test 24Attempts allowed: 1,81.8%,18 / 22,00:34:58,Results,https://www.classmarker.com/test/results/?test_id=2106814
Digital SAT - Math Supreme Test 32Attempts allowed: 1,90.9%,20 / 22,00:35:00,Results,https://www.classmarker.com/test/results/?test_id=2129640
Digital SAT - Math Supreme Test 36Attempts allowed: 1,86.4%,19 / 22,00:35:00,Results,https://www.classmarker.com/test/results/?test_id=2133570
Digital SAT - Math Supreme Test 39Attempts allowed: 1,77.3%,17 / 22,00:35:00,Results,https://www.classmarker.com/test/results/?test_id=2133937
Digital SAT - Math Supreme Test 42Attempts allowed: 1,95.5%,21 / 22,00:33:58,Results,https://www.classmarker.com/test/results/?test_id=2137643
Digital SAT - Math Supreme Test 43Attempts allowed: 1,45.5%,10 / 22,00:35:00,Results,https://www.classmarker.com/test/results/?test_id=2137644
Digital SAT - Math Supreme Test 44Attempts allowed: 1,72.7%,16 / 22,00:35:00,Results,https://www.classmarker.com/test/results/?test_id=2137645
Digital SAT - Math Supreme Test 49Attempts allowed: 1,90.9%,20 / 22,00:25:38,Results,https://www.classmarker.com/test/results/?test_id=2502836
Digital SAT - Math Supreme Test 53Attempts allowed: 1,86.4%,19 / 22,00:31:36,Results,https://www.classmarker.com/test/results/?test_id=2507251
Digital SAT - Math Supreme Test 54Attempts allowed: 1,72.7%,16 / 22,00:23:17,Results,https://www.classmarker.com/test/results/?test_id=2509493
Final Math Summer Exam Module 1Attempts allowed: 1,90.9%,20 / 22,00:31:13,Results,https://www.classmarker.com/test/results/?test_id=2482489
Final Math Summer Exam Module 2Attempts allowed: 1,81.8%,18 / 22,00:33:12,Results,https://www.classmarker.com/test/results/?test_id=2482494
Final Mock Test 1 Verbal Module 2Attempts allowed: 1,100%,27 / 27,00:13:46,Results,https://www.classmarker.com/test/results/?test_id=2116523
Final Mock Test 10 Verbal Module 1Attempts allowed: 1,100%,27 / 27,00:19:15,Results,https://www.classmarker.com/test/results/?test_id=2219348
Final Mock Test 11 Verbal Module 1Attempts allowed: 1,100%,27 / 27,00:19:23,Results,https://www.classmarker.com/test/results/?test_id=2240343
Final Mock Test 11 Verbal Module 2Attempts allowed: 1,85.2%,23 / 27,00:31:54,Results,https://www.classmarker.com/test/results/?test_id=2240346
Final Mock Test 12 Verbal Module 1Attempts allowed: 1,96.3%,26 / 27,00:22:24,Results,https://www.classmarker.com/test/results/?test_id=2249541
Final Mock Test 12 Verbal Module 2Attempts allowed: 1,81.5%,22 / 27,00:32:00,Results,https://www.classmarker.com/test/results/?test_id=2249544
Final Mock Test 13 Verbal Module 1Attempts allowed: 1,88.5%,23 / 26,00:24:44,Results,https://www.classmarker.com/test/results/?test_id=2251631
Final Mock Test 13 Verbal Module 2Attempts allowed: 1,92%,23 / 25,00:32:00,Results,https://www.classmarker.com/test/results/?test_id=2251637
Final Mock Test 14 Math Module 2Attempts allowed: 1,100%,22 / 22,00:18:47,Results,https://www.classmarker.com/test/results/?test_id=2254320
Final Mock Test 14 Verbal Module 1Attempts allowed: 1,100%,26 / 26,00:26:30,Results,https://www.classmarker.com/test/results/?test_id=2254323
Final Mock Test 14 Verbal Module 2Attempts allowed: 1,96.3%,26 / 27,00:26:53,Results,https://www.classmarker.com/test/results/?test_id=2254325
Final Mock Test 15 Verbal Module 1Attempts allowed: 1,88.9%,24 / 27,00:15:05,Results,https://www.classmarker.com/test/results/?test_id=2255212
Final Mock Test 15 Verbal Module 2Attempts allowed: 1,81.5%,22 / 27,00:32:00,Results,https://www.classmarker.com/test/results/?test_id=2255410
Final Mock Test 16 Verbal Module 1Attempts allowed: 1,85.2%,23 / 27,00:30:23,Results,https://www.classmarker.com/test/results/?test_id=2256867
Final Mock Test 16 Verbal Module 2Attempts allowed: 1,77.8%,21 / 27,00:32:00,Results,https://www.classmarker.com/test/results/?test_id=2259088
Final Mock Test 17 Verbal Module 1Attempts allowed: 1,96.3%,26 / 27,00:25:59,Results,https://www.classmarker.com/test/results/?test_id=2263904
Final Mock Test 17 Verbal Module 2Attempts allowed: 1,88.9%,24 / 27,00:28:50,Results,https://www.classmarker.com/test/results/?test_id=2263354
Final Mock Test 18 Verbal Module 1Attempts allowed: 1,95.8%,23 / 24,00:23:19,Results,https://www.classmarker.com/test/results/?test_id=2271589
Final Mock Test 18 Verbal Module 2Attempts allowed: 1,73.1%,19 / 26,00:31:58,Results,https://www.classmarker.com/test/results/?test_id=2271591
Final Mock Test 19 Math Module 1Attempts allowed: 1,90.9%,20 / 22,00:13:24,Results,https://www.classmarker.com/test/results/?test_id=2273516
Final Mock Test 19 Math Module 2Attempts allowed: 1,95.5%,21 / 22,00:28:37,Results,https://www.classmarker.com/test/results/?test_id=2273517
Final Mock Test 19 Verbal Module 1Attempts allowed: 1,92.6%,25 / 27,00:23:14,Results,https://www.classmarker.com/test/results/?test_id=2273519
Final Mock Test 19 Verbal Module 2Attempts allowed: 1,88.5%,23 / 26,00:31:44,Results,https://www.classmarker.com/test/results/?test_id=2274016
Final Mock Test 20 Math Module 1Attempts allowed: 1,90.9%,20 / 22,00:19:51,Results,https://www.classmarker.com/test/results/?test_id=2274843
Final Mock Test 20 Math Module 2Attempts allowed: 1,90.9%,20 / 22,00:33:26,Results,https://www.classmarker.com/test/results/?test_id=2275831
Final Mock Test 20 Verbal Module 1Attempts allowed: 1,100%,27 / 27,00:32:00,Results,https://www.classmarker.com/test/results/?test_id=2275825
Final Mock Test 21 Verbal Module 1Attempts allowed: 1,100%,25 / 25,00:24:12,Results,https://www.classmarker.com/test/results/?test_id=2281356
Final Mock Test 21 Verbal Module 2Attempts allowed: 1,73.1%,19 / 26,00:32:00,Results,https://www.classmarker.com/test/results/?test_id=2282387
Final Mock Test 22 Verbal Module 1Attempts allowed: 1,95.7%,22 / 23,00:17:19,Results,https://www.classmarker.com/test/results/?test_id=2284124
Final Mock Test 22 Verbal Module 2Attempts allowed: 1,88.9%,24 / 27,00:30:58,Results,https://www.classmarker.com/test/results/?test_id=2284127
Final Mock Test 23 Verbal Module 1Attempts allowed: 1,92.3%,24 / 26,00:29:04,Results,https://www.classmarker.com/test/results/?test_id=2287632
Final Mock Test 23 Verbal Module 2Attempts allowed: 1,85.2%,23 / 27,00:29:04,Results,https://www.classmarker.com/test/results/?test_id=2287907
Final Mock Test 24 Verbal Module 1Attempts allowed: 1,92.6%,25 / 27,00:21:47,Results,https://www.classmarker.com/test/results/?test_id=2298332
Final Mock Test 24 Verbal Module 2Attempts allowed: 1,77.8%,21 / 27,00:24:55,Results,https://www.classmarker.com/test/results/?test_id=2299149
Final Mock Test 25 Math Module 2Attempts allowed: 1,95.5%,21 / 22,00:21:25,Results,https://www.classmarker.com/test/results/?test_id=2305890
Final Mock Test 25 Verbal Module 1Attempts allowed: 1,96.3%,26 / 27,00:20:16,Results,https://www.classmarker.com/test/results/?test_id=2306155
Final Mock Test 25 Verbal Module 2Attempts allowed: 1,66.7%,18 / 27,00:31:55,Results,https://www.classmarker.com/test/results/?test_id=2314608
Final Mock Test 26 Math Module 2Attempts allowed: 1,100%,21 / 21,00:16:26,Results,https://www.classmarker.com/test/results/?test_id=2315026
Final Mock Test 26 Verbal Module 1Attempts allowed: 1,95.8%,23 / 24,00:27:14,Results,https://www.classmarker.com/test/results/?test_id=2316001
Final Mock Test 26 Verbal Module 2Attempts allowed: 1,76.9%,20 / 26,00:31:21,Results,https://www.classmarker.com/test/results/?test_id=2316840
Final Mock Test 27 Math Module 1Attempts allowed: 1,100%,22 / 22,00:15:02,Results,https://www.classmarker.com/test/results/?test_id=2317423
Final Mock Test 27 Math Module 2Attempts allowed: 1,95.5%,21 / 22,00:29:29,Results,https://www.classmarker.com/test/results/?test_id=2318707
Final Mock Test 27 Verbal Module 1Attempts allowed: 1,92.6%,25 / 27,00:24:00,Results,https://www.classmarker.com/test/results/?test_id=2321287
Final Mock Test 27 Verbal Module 2Attempts allowed: 1,96.3%,26 / 27,00:26:29,Results,https://www.classmarker.com/test/results/?test_id=2321288
Final Mock Test 28 Math Module 1Attempts allowed: 1,100%,19 / 19,00:13:05,Results,https://www.classmarker.com/test/results/?test_id=2322605
Final Mock Test 28 Math Module 2Attempts allowed: 1,95.5%,21 / 22,00:33:38,Results,https://www.classmarker.com/test/results/?test_id=2322635
Final Mock Test 28 Verbal Module 1Attempts allowed: 1,92.6%,25 / 27,00:29:53,Results,https://www.classmarker.com/test/results/?test_id=2322985
Final Mock Test 28 Verbal Module 2Attempts allowed: 1,81.5%,22 / 27,00:31:08,Results,https://www.classmarker.com/test/results/?test_id=2323058
Final Mock Test 29 Math Module 1Attempts allowed: 1,100%,22 / 22,00:15:38,Results,https://www.classmarker.com/test/results/?test_id=2335292
Final Mock Test 29 Math Module 2Attempts allowed: 1,95.5%,21 / 22,00:31:21,Results,https://www.classmarker.com/test/results/?test_id=2335294
Final Mock Test 29 Verbal Module 1Attempts allowed: 1,100%,27 / 27,00:30:05,Results,https://www.classmarker.com/test/results/?test_id=2336654
Final Mock Test 29 Verbal Module 2Attempts allowed: 1,77.8%,21 / 27,00:31:59,Results,https://www.classmarker.com/test/results/?test_id=2340104
Final Mock Test 3 Verbal Module 2Attempts allowed: 1,63%,17 / 27,00:32:00,Results,https://www.classmarker.com/test/results/?test_id=2156402
Final Mock Test 30 Verbal Module 1Attempts allowed: 1,100%,27 / 27,00:18:52,Results,https://www.classmarker.com/test/results/?test_id=2334369
Final Mock Test 30 Verbal Module 2Attempts allowed: 1,80.8%,21 / 26,00:32:00,Results,https://www.classmarker.com/test/results/?test_id=2334838
Final Mock Test 31 Verbal Module 1Attempts allowed: 1,92.3%,24 / 26,00:22:19,Results,https://www.classmarker.com/test/results/?test_id=2323822
Final Mock Test 31 Verbal Module 2Attempts allowed: 1,84.6%,22 / 26,00:31:28,Results,https://www.classmarker.com/test/results/?test_id=2323844
Final Mock Test 32 Verbal Module 1Attempts allowed: 1,96.3%,26 / 27,00:21:03,Results,https://www.classmarker.com/test/results/?test_id=2323417
Final Mock Test 32 Verbal Module 2Attempts allowed: 1,88.9%,24 / 27,00:26:32,Results,https://www.classmarker.com/test/results/?test_id=2323451
Final Mock Test 33 Math Module 1Attempts allowed: 1,100%,19 / 19,00:10:34,Results,https://www.classmarker.com/test/results/?test_id=2326708
Final Mock Test 33 Math Module 2Attempts allowed: 1,95.5%,21 / 22,00:23:57,Results,https://www.classmarker.com/test/results/?test_id=2326721
Final Mock Test 33 Verbal Module 1Attempts allowed: 1,100%,27 / 27,00:26:50,Results,https://www.classmarker.com/test/results/?test_id=2326754
Final Mock Test 35 Math Module 2Attempts allowed: 1,95.5%,21 / 22,00:26:17,Results,https://www.classmarker.com/test/results/?test_id=2349687
Final Mock Test 35 Verbal Module 1Attempts allowed: 1,92.6%,25 / 27,00:23:00,Results,https://www.classmarker.com/test/results/?test_id=2345445
Final Mock Test 35 Verbal Module 2Attempts allowed: 1,92.6%,25 / 27,00:30:54,Results,https://www.classmarker.com/test/results/?test_id=2347899
Final Mock Test 36 Verbal Module 1Attempts allowed: 1,92.6%,25 / 27,00:12:32,Results,https://www.classmarker.com/test/results/?test_id=2349870
Final Mock Test 36 Verbal Module 2Attempts allowed: 1,88.9%,24 / 27,00:24:22,Results,https://www.classmarker.com/test/results/?test_id=2349877
Final Mock Test 38 Verbal Module 1Attempts allowed: 1,92.6%,25 / 27,00:27:06,Results,https://www.classmarker.com/test/results/?test_id=2349958
Final Mock Test 39 Verbal Module 1Attempts allowed: 1,92.6%,25 / 27,00:28:03,Results,https://www.classmarker.com/test/results/?test_id=2367869
Final Mock Test 39 Verbal Module 2Attempts allowed: 1,77.8%,21 / 27,00:32:00,Results,https://www.classmarker.com/test/results/?test_id=2367870
Final Mock Test 4 Verbal Module 1Attempts allowed: 1,100%,24 / 24,00:22:55,Results,https://www.classmarker.com/test/results/?test_id=2186512
Final Mock Test 4 Verbal Module 2Attempts allowed: 1,88.5%,23 / 26,00:25:03,Results,https://www.classmarker.com/test/results/?test_id=2186514
Final Mock Test 40 Verbal Module 1Attempts allowed: 1,88%,22 / 25,00:23:52,Results,https://www.classmarker.com/test/results/?test_id=2369445
Final Mock Test 40 Verbal Module 2Attempts allowed: 1,85.2%,23 / 27,00:30:43,Results,https://www.classmarker.com/test/results/?test_id=2369446
Final Mock Test 41 Verbal Module 1Attempts allowed: 1,96.3%,26 / 27,00:23:24,Results,https://www.classmarker.com/test/results/?test_id=2377365
Final Mock Test 42 Math Module 2Attempts allowed: 1,86.4%,19 / 22,00:17:15,Results,https://www.classmarker.com/test/results/?test_id=2376326
Final Mock Test 42 Verbal Module 1Attempts allowed: 1,88.9%,24 / 27,00:28:13,Results,https://www.classmarker.com/test/results/?test_id=2374740
Final Mock Test 43 Verbal Module 1Attempts allowed: 1,92.6%,25 / 27,00:30:51,Results,https://www.classmarker.com/test/results/?test_id=2369450
Final Mock Test 43 Verbal Module 2Attempts allowed: 1,77.8%,21 / 27,00:32:00,Results,https://www.classmarker.com/test/results/?test_id=2370546
Final Mock Test 44 Verbal Module 1Attempts allowed: 1,96.3%,26 / 27,00:26:45,Results,https://www.classmarker.com/test/results/?test_id=2410165
Final Mock Test 44 Verbal Module 2Attempts allowed: 1,66.7%,18 / 27,00:32:00,Results,https://www.classmarker.com/test/results/?test_id=2410168
Final Mock Test 45 Verbal Module 1Attempts allowed: 1,92.6%,25 / 27,00:32:00,Results,https://www.classmarker.com/test/results/?test_id=2419236
Final Mock Test 47 Math Module 1Attempts allowed: 1,100%,22 / 22,00:16:25,Results,https://www.classmarker.com/test/results/?test_id=2421071
Final Mock Test 47 Math Module 2Attempts allowed: 1,90.9%,20 / 22,00:27:41,Results,https://www.classmarker.com/test/results/?test_id=2421090
Final Mock Test 47 Verbal Module 1Attempts allowed: 1,92.6%,25 / 27,00:30:00,Results,https://www.classmarker.com/test/results/?test_id=2420637
Final Mock Test 47 Verbal Module 2Attempts allowed: 1,74.1%,20 / 27,00:32:00,Results,https://www.classmarker.com/test/results/?test_id=2420704
Final Mock Test 48 Verbal Module 1Attempts allowed: 1,100%,27 / 27,00:32:00,Results,https://www.classmarker.com/test/results/?test_id=2431660
Final Mock Test 49 Math Module 1Attempts allowed: 1,100%,22 / 22,00:14:46,Results,https://www.classmarker.com/test/results/?test_id=2474226
Final Mock Test 49 Math Module 2Attempts allowed: 1,95.5%,21 / 22,00:28:05,Results,https://www.classmarker.com/test/results/?test_id=2474227
Final Mock Test 49 Verbal Module 1Attempts allowed: 1,96.3%,26 / 27,00:28:28,Results,https://www.classmarker.com/test/results/?test_id=2474242
Final Mock Test 49 Verbal Module 2Attempts allowed: 1,88.9%,24 / 27,00:32:00,Results,https://www.classmarker.com/test/results/?test_id=2474245
Final Mock Test 5 Math Module 1Attempts allowed: 1,100%,21 / 21,00:27:55,Results,https://www.classmarker.com/test/results/?test_id=2189099
Final Mock Test 5 Math Module 2Attempts allowed: 1,81.8%,18 / 22,00:35:00,Results,https://www.classmarker.com/test/results/?test_id=2189128
Final Mock Test 5 Verbal Module 1Attempts allowed: 1,96%,24 / 25,00:18:01,Results,https://www.classmarker.com/test/results/?test_id=2189103
Final Mock Test 5 Verbal Module 2Attempts allowed: 1,88%,22 / 25,00:16:37,Results,https://www.classmarker.com/test/results/?test_id=2189105
Final Mock Test 50 Math Module 1Attempts allowed: 1,86.4%,19 / 22,00:13:08,Results,https://www.classmarker.com/test/results/?test_id=2474779
Final Mock Test 50 Math Module 2Attempts allowed: 1,95.5%,21 / 22,00:31:58,Results,https://www.classmarker.com/test/results/?test_id=2474780
Final Mock Test 50 Verbal Module 1Attempts allowed: 1,96.3%,26 / 27,00:16:26,Results,https://www.classmarker.com/test/results/?test_id=2475140
Final Mock Test 50 Verbal Module 2Attempts allowed: 1,77.8%,21 / 27,00:30:55,Results,https://www.classmarker.com/test/results/?test_id=2475164
Final Mock Test 51 Math Module 1Attempts allowed: 1,100%,22 / 22,00:15:28,Results,https://www.classmarker.com/test/results/?test_id=2474784
Final Mock Test 51 Math Module 2Attempts allowed: 1,100%,22 / 22,00:29:08,Results,https://www.classmarker.com/test/results/?test_id=2474785
Final Mock Test 51 Verbal Module 1Attempts allowed: 1,92.6%,25 / 27,00:21:17,Results,https://www.classmarker.com/test/results/?test_id=2475162
Final Mock Test 52 Math Module 1Attempts allowed: 1,100%,22 / 22,00:10:43,Results,https://www.classmarker.com/test/results/?test_id=2475128
Final Mock Test 52 Math Module 2Attempts allowed: 1,100%,22 / 22,00:24:34,Results,https://www.classmarker.com/test/results/?test_id=2475129
Final Mock Test 53 Math Module 1Attempts allowed: 1,90.9%,20 / 22,00:27:44,Results,https://www.classmarker.com/test/results/?test_id=2476408
Final Mock Test 53 Math Module 2Attempts allowed: 1,95.5%,21 / 22,00:28:05,Results,https://www.classmarker.com/test/results/?test_id=2476475
Final Mock Test 6 Math Module 2Attempts allowed: 1,90.9%,20 / 22,00:21:03,Results,https://www.classmarker.com/test/results/?test_id=2206094
Final Mock Test 6 Verbal Module 1Attempts allowed: 1,92.6%,25 / 27,00:19:34,Results,https://www.classmarker.com/test/results/?test_id=2206083
Final Mock Test 6 Verbal Module 2Attempts allowed: 1,88.9%,24 / 27,00:27:48,Results,https://www.classmarker.com/test/results/?test_id=2206091
Final Mock Test 8 Verbal Module 1Attempts allowed: 1,92.6%,25 / 27,00:28:58,Results,https://www.classmarker.com/test/results/?test_id=2211207
Final Mock Test 8 Verbal Module 2Attempts allowed: 1,74.1%,20 / 27,00:30:56,Results,https://www.classmarker.com/test/results/?test_id=2211210
Final Mock Test 9 Math Module 1Attempts allowed: 1,95.5%,21 / 22,00:12:45,Results,https://www.classmarker.com/test/results/?test_id=2217991
Final Mock Test 9 Math Module 2Attempts allowed: 1,100%,22 / 22,00:30:33,Results,https://www.classmarker.com/test/results/?test_id=2217994
Final Mock Test 9 Verbal Module 1Attempts allowed: 1,96.3%,26 / 27,00:25:00,Results,https://www.classmarker.com/test/results/?test_id=2217995
Final Mock Test 9 Verbal Module 2Attempts allowed: 1,77.8%,21 / 27,00:32:00,Results,https://www.classmarker.com/test/results/?test_id=2217996
Inference Practice Set 1Attempts allowed: 1,80%,8 / 10,00:19:24,Results,https://www.classmarker.com/test/results/?test_id=2474323
Lexicon Checkpoint 1Attempts allowed: 1,80%,12 / 15,00:07:37,Results,https://www.classmarker.com/test/results/?test_id=2460236
Lexicon Checkpoint 2Attempts allowed: 1,93.3%,14 / 15,00:09:52,Results,https://www.classmarker.com/test/results/?test_id=2460915
Lexicon Checkpoint 3Attempts allowed: 1,73.3%,11 / 15,00:07:45,Results,https://www.classmarker.com/test/results/?test_id=2462106
Lexicon Practice 1Attempts allowed: 1,90%,27 / 30,00:21:40,Results,https://www.classmarker.com/test/results/?test_id=2460240
Lexicon Practice 10Attempts allowed: 1,86.7%,26 / 30,00:37:27,Results,https://www.classmarker.com/test/results/?test_id=2461534
Lexicon Practice 11Attempts allowed: 1,86.7%,26 / 30,00:21:14,Results,https://www.classmarker.com/test/results/?test_id=2461535
Lexicon Practice 12Attempts allowed: 1,90%,27 / 30,00:17:28,Results,https://www.classmarker.com/test/results/?test_id=2461537
Lexicon Practice 13Attempts allowed: 1,83.3%,25 / 30,00:21:33,Results,https://www.classmarker.com/test/results/?test_id=2461538
Lexicon Practice 14Attempts allowed: 1,96.7%,29 / 30,00:15:57,Results,https://www.classmarker.com/test/results/?test_id=2461539
Lexicon Practice 15Attempts allowed: 1,86.7%,26 / 30,00:14:59,Results,https://www.classmarker.com/test/results/?test_id=2461540
Lexicon Practice 16Attempts allowed: 1,93.3%,28 / 30,00:18:46,Results,https://www.classmarker.com/test/results/?test_id=2465329
Lexicon Practice 17Attempts allowed: 1,96.7%,29 / 30,00:21:53,Results,https://www.classmarker.com/test/results/?test_id=2465332
Lexicon Practice 18Attempts allowed: 1,90%,27 / 30,00:25:13,Results,https://www.classmarker.com/test/results/?test_id=2465334
Lexicon Practice 19Attempts allowed: 1,80%,24 / 30,00:13:49,Results,https://www.classmarker.com/test/results/?test_id=2465335
Lexicon Practice 2Attempts allowed: 1,90%,27 / 30,00:18:05,Results,https://www.classmarker.com/test/results/?test_id=2460914
Lexicon Practice 20Attempts allowed: 1,90%,27 / 30,00:16:09,Results,https://www.classmarker.com/test/results/?test_id=2465336
Lexicon Practice 3Attempts allowed: 1,93.3%,28 / 30,00:26:04,Results,https://www.classmarker.com/test/results/?test_id=2461283
Lexicon Practice 4Attempts allowed: 1,90%,27 / 30,00:15:36,Results,https://www.classmarker.com/test/results/?test_id=2461284
Lexicon Practice 5Attempts allowed: 1,93.3%,28 / 30,00:25:06,Results,https://www.classmarker.com/test/results/?test_id=2461287
Lexicon Practice 6Attempts allowed: 1,93.3%,28 / 30,00:23:08,Results,https://www.classmarker.com/test/results/?test_id=2461288
Lexicon Practice 7Attempts allowed: 1,86.7%,26 / 30,00:36:08,Results,https://www.classmarker.com/test/results/?test_id=2461530
Lexicon Practice 8Attempts allowed: 1,83.3%,25 / 30,00:13:06,Results,https://www.classmarker.com/test/results/?test_id=2461531
Lexicon Practice 9Attempts allowed: 1,86.7%,26 / 30,00:19:39,Results,https://www.classmarker.com/test/results/?test_id=2461533
Logical Reasoning Practice Set 13Attempts allowed: 1,90%,9 / 10,00:20:50,Results,https://www.classmarker.com/test/results/?test_id=2112341
Logical Reasoning Practice Set 14Attempts allowed: 1,70%,7 / 10,00:32:12,Results,https://www.classmarker.com/test/results/?test_id=2112342
Logical Reasoning Practice Set 1Attempts allowed: 1,80%,8 / 10,00:18:29,Results,https://www.classmarker.com/test/results/?test_id=2089337
Logical Reasoning Practice Set 10Attempts allowed: 1,80%,8 / 10,00:30:25,Results,https://www.classmarker.com/test/results/?test_id=2102029
Logical Reasoning Practice Set 11Attempts allowed: 1,80%,8 / 10,00:30:45,Results,https://www.classmarker.com/test/results/?test_id=2102030
Logical Reasoning Practice Set 12Attempts allowed: 1,80%,8 / 10,00:29:51,Results,https://www.classmarker.com/test/results/?test_id=2102031
Logical Reasoning Practice Set 15Attempts allowed: 1,60%,6 / 10,00:35:16,Results,https://www.classmarker.com/test/results/?test_id=2112344
Logical Reasoning Practice Set 16Attempts allowed: 1,80%,8 / 10,00:34:03,Results,https://www.classmarker.com/test/results/?test_id=2112345
Logical Reasoning Practice Set 17Attempts allowed: 1,80%,8 / 10,00:20:58,Results,https://www.classmarker.com/test/results/?test_id=2112347
Logical Reasoning Practice Set 18Attempts allowed: 1,60%,6 / 10,00:30:14,Results,https://www.classmarker.com/test/results/?test_id=2112348
Logical Reasoning Practice Set 19Attempts allowed: 1,80%,8 / 10,00:16:35,Results,https://www.classmarker.com/test/results/?test_id=2112350
Logical Reasoning Practice Set 2Attempts allowed: 1,90%,9 / 10,00:18:53,Results,https://www.classmarker.com/test/results/?test_id=2089339
Logical Reasoning Practice Set 20Attempts allowed: 1,40%,4 / 10,00:43:20,Results,https://www.classmarker.com/test/results/?test_id=2112351
Logical Reasoning Practice Set 3Attempts allowed: 1,80%,8 / 10,00:30:47,Results,https://www.classmarker.com/test/results/?test_id=2089341
Logical Reasoning Practice Set 4Attempts allowed: 1,80%,8 / 10,00:22:21,Results,https://www.classmarker.com/test/results/?test_id=2099643
Logical Reasoning Practice Set 5Attempts allowed: 1,80%,8 / 10,00:34:30,Results,https://www.classmarker.com/test/results/?test_id=2099645
Logical Reasoning Practice Set 6Attempts allowed: 1,80%,8 / 10,00:22:40,Results,https://www.classmarker.com/test/results/?test_id=2100850
Logical Reasoning Practice Set 7Attempts allowed: 1,90%,9 / 10,00:23:25,Results,https://www.classmarker.com/test/results/?test_id=2102024
Logical Reasoning Practice Set 8Attempts allowed: 1,80%,8 / 10,00:20:40,Results,https://www.classmarker.com/test/results/?test_id=2102026
Long Reading - Amsden has divided NavajoAttempts allowed: 1,62.5%,5 / 8,00:16:09,Results,https://www.classmarker.com/test/results/?test_id=2269704
Long Reading - Historians generally agree thatAttempts allowed: 1,85.7%,6 / 7,00:00:46,Results,https://www.classmarker.com/test/results/?test_id=2269691
Long Reading - In recent years the early music movement whichAttempts allowed: 1,75%,6 / 8,00:01:43,Results,https://www.classmarker.com/test/results/?test_id=2278545
Long Reading - Nico Frijda writes that emotions are governedAttempts allowed: 1,85.7%,6 / 7,00:00:58,Results,https://www.classmarker.com/test/results/?test_id=2278076
Long Reading - One type of violation of theAttempts allowed: 1,20%,1 / 5,00:00:22,Results,https://www.classmarker.com/test/results/?test_id=2269701
Long Reading - Three basic adaptive responsesAttempts allowed: 1,87.5%,7 / 8,00:17:34,Results,https://www.classmarker.com/test/results/?test_id=2269693
Long Reading - To critics accustomed to the style ofAttempts allowed: 1,83.3%,5 / 6,00:32:59,Results,https://www.classmarker.com/test/results/?test_id=2279357
Long Reading - Until recently many astronomersAttempts allowed: 1,100%,7 / 7,00:18:42,Results,https://www.classmarker.com/test/results/?test_id=2269698
Long Reading - A conventional view of nineteenth-centuryAttempts allowed: 1,71.4%,5 / 7,00:01:41,Results,https://www.classmarker.com/test/results/?test_id=2278587
Long Reading - After thirty years of investigation into cellAttempts allowed: 1,66.7%,4 / 6,00:00:27,Results,https://www.classmarker.com/test/results/?test_id=2278584
Long Reading - Although the United States steel industry facesAttempts allowed: 1,85.7%,6 / 7,00:18:39,Results,https://www.classmarker.com/test/results/?test_id=2278546
Long Reading - Anthropologist David Mandelbaum makes aAttempts allowed: 1,100%,6 / 6,00:00:25,Results,https://www.classmarker.com/test/results/?test_id=2278079
Long Reading - Any study of autobiographical narratives thatAttempts allowed: 1,85.7%,6 / 7,00:00:37,Results,https://www.classmarker.com/test/results/?test_id=2278586
Long Reading - Critics have long been puzzledAttempts allowed: 1,71.4%,5 / 7,00:10:55,Results,https://www.classmarker.com/test/results/?test_id=2268857
Long Reading - For the poet Phillis WheatleyAttempts allowed: 1,50%,4 / 8,00:00:32,Results,https://www.classmarker.com/test/results/?test_id=2269749
Long Reading - Gray marketing the selling of trademarkedAttempts allowed: 1,71.4%,5 / 7,00:01:32,Results,https://www.classmarker.com/test/results/?test_id=2278585
Long Reading - Historian Philippe Aries claimedAttempts allowed: 1,87.5%,7 / 8,00:00:44,Results,https://www.classmarker.com/test/results/?test_id=2242243
Long Reading - Historians attempting to explainAttempts allowed: 1,87.5%,7 / 8,00:02:02,Results,https://www.classmarker.com/test/results/?test_id=2269700
Long Reading - In 1887 the Dawes Act legislatedAttempts allowed: 1,100%,7 / 7,00:14:23,Results,https://www.classmarker.com/test/results/?test_id=2280788
Long Reading - In the late nineteenth century the need forAttempts allowed: 1,33.3%,2 / 6,00:00:30,Results,https://www.classmarker.com/test/results/?test_id=2278543
Long Reading - Increase in the amount of carbonAttempts allowed: 1,66.7%,4 / 6,00:01:18,Results,https://www.classmarker.com/test/results/?test_id=2242244
Long Reading - One scientific discipline duringAttempts allowed: 1,87.5%,7 / 8,00:02:39,Results,https://www.classmarker.com/test/results/?test_id=2269752
Long Reading - Outside the medical professionAttempts allowed: 1,57.1%,4 / 7,00:00:30,Results,https://www.classmarker.com/test/results/?test_id=2269755
Long Reading - The extent of a nation’sAttempts allowed: 1,50%,3 / 6,00:11:56,Results,https://www.classmarker.com/test/results/?test_id=2274022
Long Reading - There are two major systemsAttempts allowed: 1,80%,4 / 5,00:00:25,Results,https://www.classmarker.com/test/results/?test_id=2269757
Long Reading - Women’s participation in the revolutionaryAttempts allowed: 1,100%,7 / 7,00:00:35,Results,https://www.classmarker.com/test/results/?test_id=2274025
Math Checkpoint 01Attempts allowed: 1,93.3%,14 / 15,00:19:19,Results,https://www.classmarker.com/test/results/?test_id=2138320
Math Checkpoint 02Attempts allowed: 1,100%,17 / 17,00:24:21,Results,https://www.classmarker.com/test/results/?test_id=2141061
Math Checkpoint 03Attempts allowed: 1,100%,6 / 6,00:06:00,Results,https://www.classmarker.com/test/results/?test_id=1911746
Math Checkpoint 04Attempts allowed: 1,85.7%,12 / 14,00:18:00,Results,https://www.classmarker.com/test/results/?test_id=2090325
Math Checkpoint 05Attempts allowed: 1,81.8%,18 / 22,00:31:10,Results,https://www.classmarker.com/test/results/?test_id=2416251
Math Checkpoint 06Attempts allowed: 1,95.5%,21 / 22,00:21:29,Results,https://www.classmarker.com/test/results/?test_id=2418543
Math Checkpoint 07Attempts allowed: 1,81.8%,18 / 22,00:35:00,Results,https://www.classmarker.com/test/results/?test_id=2421408
Math Checkpoint 08Attempts allowed: 1,100%,22 / 22,00:35:00,Results,https://www.classmarker.com/test/results/?test_id=2427343
Math Checkpoint 09Attempts allowed: 1,86.4%,19 / 22,00:35:00,Results,https://www.classmarker.com/test/results/?test_id=2428517
Math Checkpoint 10Attempts allowed: 1,81.8%,18 / 22,00:35:00,Results,https://www.classmarker.com/test/results/?test_id=2430547
Math Checkpoint 11Attempts allowed: 1,90.9%,20 / 22,00:30:00,Results,https://www.classmarker.com/test/results/?test_id=2432739
Math Checkpoint 12Attempts allowed: 1,86.4%,19 / 22,00:35:00,Results,https://www.classmarker.com/test/results/?test_id=2437697
Math Extra Homework 01: PercentAttempts allowed: 1,97.1%,34 / 35,00:25:16,Results,https://www.classmarker.com/test/results/?test_id=2418593
"Math Extra Homework 02: Ratio, In Terms OfAttempts allowed: 1",100%,80 / 80,00:59:10,Results,https://www.classmarker.com/test/results/?test_id=2442796
Math Extra Homework 03: Exponents Radicals Absolute ValuesAttempts allowed: 1,96.7%,29 / 30,00:22:27,Results,https://www.classmarker.com/test/results/?test_id=2442797
"Math Extra Homework 04: Matching Coefficient, Probability, Remainder TheoremAttempts allowed: 1",98.2%,55 / 56,00:27:37,Results,https://www.classmarker.com/test/results/?test_id=2442798
Math Extra Homework 05: Mean Mode MedianAttempts allowed: 1,95.5%,42 / 44,00:46:36,Results,https://www.classmarker.com/test/results/?test_id=2424764
Math Extra Homework 07: y = ax + bAttempts allowed: 1,97.2%,105 / 108,01:18:42,Results,https://www.classmarker.com/test/results/?test_id=2424766
Math Extra Homework 10: Quadratic FunctionAttempts allowed: 1,98.5%,64 / 65,01:00:50,Results,https://www.classmarker.com/test/results/?test_id=2442801
Math Extra Homework 14: Scatter Plot and SurveyAttempts allowed: 1,95.8%,46 / 48,00:41:51,Results,https://www.classmarker.com/test/results/?test_id=2443406
Math Homework 01: PercentAttempts allowed: 1,96.5%,83 / 86,00:47:04,Results,https://www.classmarker.com/test/results/?test_id=2402625
"Math Homework 02: Ratio, In Terms OfAttempts allowed: 1",92.3%,48 / 52,00:48:38,Results,https://www.classmarker.com/test/results/?test_id=2406273
Math Homework 03: Exponents Radicals Absolute ValuesAttempts allowed: 1,91.8%,56 / 61,00:57:54,Results,https://www.classmarker.com/test/results/?test_id=2409231
"Math Homework 04: Matching Coefficient, Probability, Remainder TheoremAttempts allowed: 1",95.3%,41 / 43,00:21:39,Results,https://www.classmarker.com/test/results/?test_id=2412059
Math Homework 05: Mean Mode MedianAttempts allowed: 1,96.9%,31 / 32,00:35:12,Results,https://www.classmarker.com/test/results/?test_id=2414236
Math Homework 06: Work Smarter Not HarderAttempts allowed: 1,89.1%,41 / 46,00:46:20,Results,https://www.classmarker.com/test/results/?test_id=2417340
Math Homework 07: y = ax + bAttempts allowed: 1,89.7%,35 / 39,01:01:01,Results,https://www.classmarker.com/test/results/?test_id=2420302
Math Homework 08: Systems of Equations and InequalitiesAttempts allowed: 1,99%,103 / 104,01:16:31,Results,https://www.classmarker.com/test/results/?test_id=2422192
Math Homework 09: Word ProblemsAttempts allowed: 1,93.4%,85 / 91,01:24:06,Results,https://www.classmarker.com/test/results/?test_id=2428011
Math Homework 12: Geometry (1)Attempts allowed: 1,94.1%,80 / 85,01:31:52,Results,https://www.classmarker.com/test/results/?test_id=2430851
Math Lecture Note 01: PercentAttempts allowed: 1,85.3%,29 / 34,00:22:48,Results,https://www.classmarker.com/test/results/?test_id=2402627
Math Lecture Note 02: RatioAttempts allowed: 1,100%,24 / 24,00:17:35,Results,https://www.classmarker.com/test/results/?test_id=2402634
Math Lecture Note 03: Exponents Radicals Absolute ValuesAttempts allowed: 1,91.9%,34 / 37,00:37:05,Results,https://www.classmarker.com/test/results/?test_id=2406642
"Math Lecture Note 04: Matching Coefficient, Probability, Remainder TheoremAttempts allowed: 1",100%,32 / 32,00:16:24,Results,https://www.classmarker.com/test/results/?test_id=2406658
Math Lecture Note 05: Mean Mode MedianAttempts allowed: 1,93.9%,31 / 33,00:39:00,Results,https://www.classmarker.com/test/results/?test_id=2412485
Math Lecture Note 06: Work Smarter Not HarderAttempts allowed: 1,96.4%,27 / 28,00:51:44,Results,https://www.classmarker.com/test/results/?test_id=2412489
Math Lecture Note 07: Linear Function y = ax + bAttempts allowed: 1,93.3%,28 / 30,00:54:11,Results,https://www.classmarker.com/test/results/?test_id=2418224
Math Lecture Note 08: Systems of Equations and InequalitiesAttempts allowed: 1,93.2%,41 / 44,00:43:43,Results,https://www.classmarker.com/test/results/?test_id=2422108
Math Lecture Note 09: Word ProblemsAttempts allowed: 1,96.2%,25 / 26,00:27:26,Results,https://www.classmarker.com/test/results/?test_id=2427655
Math Lecture Note 10: Quadratic FunctionsAttempts allowed: 1,100%,23 / 23,00:22:37,Results,https://www.classmarker.com/test/results/?test_id=2428046
Math Topical Review 12: Geometry (1)Attempts allowed: 1,94.6%,35 / 37,00:32:18,Results,https://www.classmarker.com/test/results/?test_id=2449084
Math Topical Review 14: Scatter Plot & SurveyAttempts allowed: 1,87.5%,28 / 32,00:43:19,Results,https://www.classmarker.com/test/results/?test_id=2449021
Math Topical Review 15: Graph & FunctionsAttempts allowed: 1,90.2%,74 / 82,01:26:04,Results,https://www.classmarker.com/test/results/?test_id=2449048
Math Topical Review 3: Exponent & Radical/ Absolute ValuesAttempts allowed: 1,90.5%,19 / 21,00:15:09,Results,https://www.classmarker.com/test/results/?test_id=2448173
Math Topical Review 9: Word ProblemsAttempts allowed: 1,91.7%,33 / 36,00:30:46,Results,https://www.classmarker.com/test/results/?test_id=2448985
Octopus Grammar - Amsden has divided NavajoAttempts allowed: 1,83.3%,25 / 30,00:12:32,Results,https://www.classmarker.com/test/results/?test_id=2491486
Octopus Grammar - Did music and human languageAttempts allowed: 1,96.7%,29 / 30,00:18:58,Results,https://www.classmarker.com/test/results/?test_id=2487259
Octopus Grammar - For decades there has beenAttempts allowed: 1,80%,24 / 30,00:20:00,Results,https://www.classmarker.com/test/results/?test_id=2487370
Octopus Grammar - For the poet Phillis WheatleyAttempts allowed: 1,93.3%,28 / 30,00:16:00,Results,https://www.classmarker.com/test/results/?test_id=2487699
Octopus Grammar - Historian Philippe Aries claimedAttempts allowed: 1,93.3%,28 / 30,00:14:34,Results,https://www.classmarker.com/test/results/?test_id=2484752
Octopus Grammar - In the history of nineteenth-century landscapeAttempts allowed: 1,93.3%,28 / 30,00:16:28,Results,https://www.classmarker.com/test/results/?test_id=2487374
Octopus Grammar - Increase in the amount of carbonAttempts allowed: 1,80%,24 / 30,00:24:56,Results,https://www.classmarker.com/test/results/?test_id=2485042
Octopus Grammar - Of the more than one thousand people whoAttempts allowed: 1,100%,30 / 30,00:12:32,Results,https://www.classmarker.com/test/results/?test_id=2485147
Octopus Grammar - One scientific discipline duringAttempts allowed: 1,86.7%,26 / 30,00:25:12,Results,https://www.classmarker.com/test/results/?test_id=2488223
Octopus Grammar - One type of violation of theAttempts allowed: 1,93.3%,28 / 30,00:09:56,Results,https://www.classmarker.com/test/results/?test_id=2495270
Octopus Grammar - Richard L JacksonAttempts allowed: 1,96.7%,29 / 30,00:11:59,Results,https://www.classmarker.com/test/results/?test_id=2486339
Octopus Grammar - The Constitution of the UnitedAttempts allowed: 1,100%,30 / 30,00:10:11,Results,https://www.classmarker.com/test/results/?test_id=2488693
Octopus Grammar - The World Wide WebAttempts allowed: 1,93.3%,28 / 30,00:14:33,Results,https://www.classmarker.com/test/results/?test_id=2487660
Octopus Grammar - There are two especially influentialAttempts allowed: 1,80%,24 / 30,00:20:00,Results,https://www.classmarker.com/test/results/?test_id=2486575
Rhetorical Synthesis Practice 1Attempts allowed: 1,90%,18 / 20,00:17:24,Results,https://www.classmarker.com/test/results/?test_id=2465988
Rhetorical Synthesis Practice 10Attempts allowed: 1,85%,17 / 20,00:12:44,Results,https://www.classmarker.com/test/results/?test_id=2468087
Rhetorical Synthesis Practice 11Attempts allowed: 1,95%,19 / 20,00:10:57,Results,https://www.classmarker.com/test/results/?test_id=2468242
Rhetorical Synthesis Practice 12Attempts allowed: 1,90%,18 / 20,00:09:18,Results,https://www.classmarker.com/test/results/?test_id=2468279
Rhetorical Synthesis Practice 13Attempts allowed: 1,90%,18 / 20,00:09:40,Results,https://www.classmarker.com/test/results/?test_id=2468955
Rhetorical Synthesis Practice 14Attempts allowed: 1,100%,20 / 20,00:06:42,Results,https://www.classmarker.com/test/results/?test_id=2468976
Rhetorical Synthesis Practice 15Attempts allowed: 1,90%,18 / 20,00:10:23,Results,https://www.classmarker.com/test/results/?test_id=2469002
Rhetorical Synthesis Practice 16Attempts allowed: 1,100%,20 / 20,00:13:50,Results,https://www.classmarker.com/test/results/?test_id=2469042
Rhetorical Synthesis Practice 17Attempts allowed: 1,95%,19 / 20,00:09:59,Results,https://www.classmarker.com/test/results/?test_id=2470897
Rhetorical Synthesis Practice 18Attempts allowed: 1,100%,20 / 20,00:09:53,Results,https://www.classmarker.com/test/results/?test_id=2470909
Rhetorical Synthesis Practice 19Attempts allowed: 1,100%,20 / 20,00:09:46,Results,https://www.classmarker.com/test/results/?test_id=2471316
Rhetorical Synthesis Practice 2Attempts allowed: 1,95%,19 / 20,00:08:40,Results,https://www.classmarker.com/test/results/?test_id=2465992
Rhetorical Synthesis Practice 20Attempts allowed: 1,100%,20 / 20,00:08:33,Results,https://www.classmarker.com/test/results/?test_id=2471335
Rhetorical Synthesis Practice 3Attempts allowed: 1,100%,20 / 20,00:10:10,Results,https://www.classmarker.com/test/results/?test_id=2465994
Rhetorical Synthesis Practice 4Attempts allowed: 1,90%,18 / 20,00:12:55,Results,https://www.classmarker.com/test/results/?test_id=2467271
Rhetorical Synthesis Practice 5Attempts allowed: 1,85%,17 / 20,00:11:49,Results,https://www.classmarker.com/test/results/?test_id=2467273
Rhetorical Synthesis Practice 6Attempts allowed: 1,95%,19 / 20,00:12:28,Results,https://www.classmarker.com/test/results/?test_id=2467505
Rhetorical Synthesis Practice 7Attempts allowed: 1,100%,20 / 20,00:14:53,Results,https://www.classmarker.com/test/results/?test_id=2467516
Rhetorical Synthesis Practice 8Attempts allowed: 1,85%,17 / 20,00:15:00,Results,https://www.classmarker.com/test/results/?test_id=2467522
Rhetorical Synthesis Practice 9Attempts allowed: 1,90%,18 / 20,00:11:37,Results,https://www.classmarker.com/test/results/?test_id=2467607
Sentence Completion - Did music and human languageAttempts allowed: 1,86.7%,26 / 30,00:17:07,Results,https://www.classmarker.com/test/results/?test_id=2492155
Sentence Completion - Historian Philippe Aries claimedAttempts allowed: 1,73.3%,22 / 30,00:20:00,Results,https://www.classmarker.com/test/results/?test_id=2489549
Sentence Completion - Richard L JacksonAttempts allowed: 1,66.7%,20 / 30,00:19:48,Results,https://www.classmarker.com/test/results/?test_id=2489836
Sentence Completion - There are two especially influentialAttempts allowed: 1,70%,21 / 30,00:15:38,Results,https://www.classmarker.com/test/results/?test_id=2489852
Short Reading Practice 1Attempts allowed: 1,0%,0 / 6,00:10:00,Results,https://www.classmarker.com/test/results/?test_id=2214618
Short Reading Practice 2Attempts allowed: 1,40%,2 / 5,00:10:00,Results,https://www.classmarker.com/test/results/?test_id=2214631
Short Reading Practice 3Attempts allowed: 1,100%,6 / 6,00:07:31,Results,https://www.classmarker.com/test/results/?test_id=2214647
Short Reading Practice 4Attempts allowed: 1,50%,3 / 6,00:10:00,Results,https://www.classmarker.com/test/results/?test_id=2215296
Short Reading Practice 5Attempts allowed: 1,100%,3 / 3,00:07:52,Results,https://www.classmarker.com/test/results/?test_id=2215301
Short Reading Practice 6Attempts allowed: 1,83.3%,5 / 6,00:10:00,Results,https://www.classmarker.com/test/results/?test_id=2215302
Short Reading Practice 7Attempts allowed: 1,57.1%,4 / 7,00:10:00,Results,https://www.classmarker.com/test/results/?test_id=2215305
Short Reading Practice 8Attempts allowed: 1,66.7%,4 / 6,00:10:00,Results,https://www.classmarker.com/test/results/?test_id=2215307
Short Reading Practice 9Attempts allowed: 1,100%,5 / 5,00:10:00,Results,https://www.classmarker.com/test/results/?test_id=2215313
Understand Fiction 1 - I don't remember how I cameAttempts allowed: 1,90%,9 / 10,00:08:37,Results,https://www.classmarker.com/test/results/?test_id=2324385
Word in Context Practice 1Attempts allowed: 1,57.1%,4 / 7,00:08:00,Results,https://www.classmarker.com/test/results/?test_id=2131542
Word in Context Practice 10Attempts allowed: 1,66.7%,6 / 9,00:06:18,Results,https://www.classmarker.com/test/results/?test_id=2132458
Word in Context Practice 11Attempts allowed: 1,75%,6 / 8,00:06:15,Results,https://www.classmarker.com/test/results/?test_id=2134552
Word in Context Practice 12Attempts allowed: 1,71.4%,5 / 7,00:07:16,Results,https://www.classmarker.com/test/results/?test_id=2134702
Word in Context Practice 13Attempts allowed: 1,83.3%,5 / 6,00:03:32,Results,https://www.classmarker.com/test/results/?test_id=2134880
Word in Context Practice 14Attempts allowed: 1,66.7%,6 / 9,00:06:31,Results,https://www.classmarker.com/test/results/?test_id=2134897
Word in Context Practice 15Attempts allowed: 1,80%,4 / 5,00:03:40,Results,https://www.classmarker.com/test/results/?test_id=2134978
Word in Context Practice 16Attempts allowed: 1,77.8%,7 / 9,00:06:36,Results,https://www.classmarker.com/test/results/?test_id=2139029
Word in Context Practice 18Attempts allowed: 1,77.8%,7 / 9,00:07:15,Results,https://www.classmarker.com/test/results/?test_id=2141934
Word in Context Practice 19Attempts allowed: 1,75%,6 / 8,00:06:38,Results,https://www.classmarker.com/test/results/?test_id=2142422
Word in Context Practice 2Attempts allowed: 1,85.7%,6 / 7,00:08:00,Results,https://www.classmarker.com/test/results/?test_id=2131544
Word in Context Practice 20Attempts allowed: 1,66.7%,6 / 9,00:06:55,Results,https://www.classmarker.com/test/results/?test_id=2142498
Word in Context Practice 21Attempts allowed: 1,87.5%,7 / 8,00:04:22,Results,https://www.classmarker.com/test/results/?test_id=2150176
Word in Context Practice 22Attempts allowed: 1,100%,8 / 8,00:04:30,Results,https://www.classmarker.com/test/results/?test_id=2150284
Word in Context Practice 23Attempts allowed: 1,100%,8 / 8,00:03:12,Results,https://www.classmarker.com/test/results/?test_id=2153676
Word in Context Practice 24Attempts allowed: 1,100%,8 / 8,00:03:43,Results,https://www.classmarker.com/test/results/?test_id=2153729
Word in Context Practice 25Attempts allowed: 1,85.7%,6 / 7,00:08:00,Results,https://www.classmarker.com/test/results/?test_id=2154001
Word in Context Practice 26Attempts allowed: 1,87.5%,7 / 8,00:02:47,Results,https://www.classmarker.com/test/results/?test_id=2154059
Word in Context Practice 27Attempts allowed: 1,100%,6 / 6,00:07:00,Results,https://www.classmarker.com/test/results/?test_id=2154080
Word in Context Practice 28Attempts allowed: 1,85.7%,6 / 7,00:02:38,Results,https://www.classmarker.com/test/results/?test_id=2154217
Word in Context Practice 29Attempts allowed: 1,85.7%,6 / 7,00:04:50,Results,https://www.classmarker.com/test/results/?test_id=2159370
Word in Context Practice 3Attempts allowed: 1,87.5%,7 / 8,00:06:46,Results,https://www.classmarker.com/test/results/?test_id=2131546
Word in Context Practice 30Attempts allowed: 1,75%,6 / 8,00:07:19,Results,https://www.classmarker.com/test/results/?test_id=2164714
Word in Context Practice 31Attempts allowed: 1,85.7%,6 / 7,00:06:30,Results,https://www.classmarker.com/test/results/?test_id=2165402
Word in Context Practice 32Attempts allowed: 1,62.5%,5 / 8,00:04:25,Results,https://www.classmarker.com/test/results/?test_id=2308729
Word in Context Practice 33Attempts allowed: 1,80%,8 / 10,00:08:00,Results,https://www.classmarker.com/test/results/?test_id=2166030
Word in Context Practice 34Attempts allowed: 1,100%,8 / 8,00:04:52,Results,https://www.classmarker.com/test/results/?test_id=2308738
Word in Context Practice 35Attempts allowed: 1,87.5%,7 / 8,00:07:10,Results,https://www.classmarker.com/test/results/?test_id=2308842
Word in Context Practice 36Attempts allowed: 1,75%,6 / 8,00:07:39,Results,https://www.classmarker.com/test/results/?test_id=2310867
Word in Context Practice 4Attempts allowed: 1,50%,4 / 8,00:07:59,Results,https://www.classmarker.com/test/results/?test_id=2131566
Word in Context Practice 5Attempts allowed: 1,77.8%,7 / 9,00:07:58,Results,https://www.classmarker.com/test/results/?test_id=2131616
Word in Context Practice 6Attempts allowed: 1,75%,6 / 8,00:07:36,Results,https://www.classmarker.com/test/results/?test_id=2132262
Word in Context Practice 7Attempts allowed: 1,42.9%,3 / 7,00:07:29,Results,https://www.classmarker.com/test/results/?test_id=2132263
Word in Context Practice 8Attempts allowed: 1,100%,8 / 8,00:08:00,Results,https://www.classmarker.com/test/results/?test_id=2132264
Word in Context Practice 9Attempts allowed: 1,85.7%,6 / 7,00:04:14,Results,https://www.classmarker.com/test/results/?test_id=2132443
